{
  "parent": "item/generated",
	"textures": {
		"layer0": "minecraft:block/black_stained_glass"
	},
	"overrides": [
		{ "predicate": {"custom_model_data": 2435000}, "model": "onarail:empty"},
		{ "predicate": {"custom_model_data": 2435001}, "model": "onarail:ticket_detector_rail_block"},
		{ "predicate": {"custom_model_data": 2435002}, "model": "onarail:fuel_01"},
		{ "predicate": {"custom_model_data": 2435003}, "model": "onarail:fuel_02"},
		{ "predicate": {"custom_model_data": 2435004}, "model": "onarail:fuel_03"},
		{ "predicate": {"custom_model_data": 2435005}, "model": "onarail:fuel_04"},
		{ "predicate": {"custom_model_data": 2435006}, "model": "onarail:fuel_05"},
		{ "predicate": {"custom_model_data": 2435007}, "model": "onarail:fuel_06"},
		{ "predicate": {"custom_model_data": 2435008}, "model": "onarail:fuel_07"},
		{ "predicate": {"custom_model_data": 2435009}, "model": "onarail:fuel_08"},
		{ "predicate": {"custom_model_data": 2435010}, "model": "onarail:fuel_09"},
		{ "predicate": {"custom_model_data": 2435011}, "model": "onarail:fuel_10"},
		{ "predicate": {"custom_model_data": 2435012}, "model": "onarail:fuel_11"},
		{ "predicate": {"custom_model_data": 2435013}, "model": "onarail:fuel_12"},
		{ "predicate": {"custom_model_data": 2435014}, "model": "onarail:fuel_13"}
	]
}